Workbook

Sheet CROQUIS 
A2: SOLUNE | D2: Collection : VB | G2: Fabricant : EV FASHION
A3: CROQUIS TECHNIQUE
C5: Saison : 26H | E5: Thème : 1EVA32 | G5: Modèle : V09413 BELL
A6: Base | C6: Saison: | E6: Thème: | G6: Modèle:

Sheet FICHE NORMALISATION
A1: SOLUNE | G1: Fabricant SMS :
A2: FICHE DE NORMALISATION
A4: Thème : | C4: Modèle : | F4: Collection : VB | I4: Saison :
A6: Participants : | H6: Date :
B8: Développement/Style | D8: Atelier | F8: Production
A11: Fitting :
B13: Taille | E13: Commentaires :
B14: Reconduit
B15: Oversize
B16: Ajustée
B19: Retouche patronnage | G19: Date retouche | H19: Patronnier
A27: Fournitures :
F29: Remarques
B30: Coloris fil
B31: Titrage fils
B32: DF
B33: Epaulette
B34: Matière
B35: Doublure
A39: Conformité :
A46: Qualité :
F53: Focus Qualité :

Sheet FICHE COMMENTAIRES
A2: SOLUNE | G2: Fabricant SMS: | K2: SOLUNE | Q2: ='CROQUIS '!G2 -> Fabricant : EV FASHION | S2: SOLUNE | Y2: =Q2 -> Fabricant : EV FASHION | AA2: SOLUNE | AG2: =Y2 -> Fabricant : EV FASHION | AI2: SOLUNE | AO2: =AG2 -> Fabricant : EV FASHION | AQ2: SOLUNE | AW2: =AO2 -> Fabricant : EV FASHION | AY2: SOLUNE | BE2: =AW2 -> Fabricant : EV FASHION
A3: FICHE DE NORMALISATION | K3: PICTURES / SKETCH + COMMENTS | S3: PICTURES / SKETCH + COMMENTS | AA3: PICTURES / SKETCH + COMMENTS | AI3: PICTURES / SKETCH + COMMENTS | AQ3: PICTURES / SKETCH + COMMENTS | AY3: PICTURES / SKETCH + COMMENTS
A5: =K5 -> Thème : 1EVA32 | C5: =M5 -> Modèle : V09413 BELL | F5: Collection: VB | I5: =R5 -> Saison : 26H | K5: ='CROQUIS '!E5 -> Thème : 1EVA32 | M5: ='CROQUIS '!G5 -> Modèle : V09413 BELL | P5: Collection: VB | R5: ='CROQUIS '!C5 -> Saison : 26H | S5: =K5 -> Thème : 1EVA32 | U5: =M5 -> Modèle : V09413 BELL | X5: Collection: VB | Z5: =R5 -> Saison : 26H | AA5: =K5 -> Thème : 1EVA32 | AC5: =M5 -> Modèle : V09413 BELL | AF5: Collection: VB | AH5: =R5 -> Saison : 26H | AI5: =K5 -> Thème : 1EVA32 | AK5: =M5 -> Modèle : V09413 BELL | AN5: Collection: VB | AP5: =R5 -> Saison : 26H | AQ5: =K5 -> Thème : 1EVA32 | AS5: =M5 -> Modèle : V09413 BELL | AV5: Collection: VB | AX5: =R5 -> Saison : 26H | AY5: =K5 -> Thème : 1EVA32 | BA5: =M5 -> Modèle : V09413 BELL | BD5: Collection: VB | BF5: =R5 -> Saison : 26H
A7: Participants : | H7: Date : | K7: 1er commentaires/ First comments | S7: 1er commentaires/ First comments | AA7: TDS / PPS comments | AI7: TDS / PPS comments | AQ7: TDS 2 / PPS 2 comments | AV7: N° plomb 36 : N° plomb 40 : | AY7: TDS 2 / PPS 2 comments | BD7: =AV7 -> N° plomb 36 : N° plomb 40 : | BF7: =AX7 -> 0
B9: Développement/Style | D9: Atelier | F9: Production
A12: Fitting :
B14: Taille | C14: 36 | E14: Commentaires:
B15: Reconduit
B16: Oversize
B17: Ajustée
B20: Retouche patronnage | G20: Date retouche | H20: Patronnier
A28: Fournitures :
F30: Remarques
B31: Coloris fil
B32: Titrage fils
B33: DF
B34: Epaulette
B35: Matière
B36: Doublure
A40: Conformité :
A47: Qualité :
F54: Focus Qualité :

Sheet Fiche technique 
A1: SOLUNE | B1: Collection : VB | D1: ='CROQUIS '!G2 -> Fabricant : EV FASHION | F1: Updated : 23/02/2026 | G1: SOLUNE | H1: Collection : VB | J1: =D1 -> Fabricant : EV FASHION | L1: =F1 -> Updated : 23/02/2026
A2: FICHE TECHNIQUE | G2: FICHE TECHNIQUE
A3: ='CROQUIS '!E5 -> Thème : 1EVA32 | B3: ='CROQUIS '!G5 -> Modèle : V09413 BELL | E3: ='CROQUIS '!C5 -> Saison : 26H | F3: Modéliste : RECONDUIT | G3: =A3 -> Thème : 1EVA32 | H3: =B3 -> Modèle : V09413 BELL | K3: =E3 -> Saison : 26H | L3: =F3 -> Modéliste : RECONDUIT
A4: FIL / | B4: NORMAL | C4: X | D4: Coloris / Color : TONE ON TONE | F4: Assembly : 5 pts/cm | G4: FIL / | H4: NORMAL | J4: Coloris / Color : TONE ON TONE | L4: Assembly : 5 pts/cm
A5: THREAD | B5: CORDONNET | F5: Topstitching : 3,5 pts/cm | G5: THREAD | H5: CORDONNET | L5: Topstitching : 3,5 pts/cm
A6: Taille du prototype / Original sample size : M/L

Sheet Mesure&Grada - 36
A1: SOLUNE | F1: ='CROQUIS '!$G$2 -> Fabricant : EV FASHION | J1: SOLUNE | T1: =F1 -> Fabricant : EV FASHION
A2: TABLEAU DE MESURES VESTE/MANTEAU/ROBES/CHEMISE/TOP - JACKET/COAT/DRESSES/SHIRT/TOP MEASUREMENTS CHART | J2: TABLEAU DE MESURES VESTE/MANTEAU/ROBES/CHEMISE/TOP - JACKET/COAT/DRESSES/SHIRT/TOP MEASUREMENTS CHART
A4: ='CROQUIS '!$E$5 -> Thème : 1EVA32 | C4: ='CROQUIS '!$G$5 -> Modèle : V09413 BELL | F4: Collection : VB | H4: ='CROQUIS '!$C$5 -> Saison : 26H | J4: =A4 -> Thème : 1EVA32 | L4: =C4 -> Modèle : V09413 BELL | P4: =F4 -> Collection : VB | T4: =H4 -> Saison : 26H
A22: N° | B22: DESCRIPTION | F22: Mesures voulues/ Required measurement Date : | G22: Collection sample measurement Date : | H22: Ecarts/Gap | I22: Tolerance | J22: N° | K22: DESCRIPTION | O22: Tolerance | P22: 34 | Q22: 36 | R22: PPS measurement Date : | S22: Ecart/Gap | T22: 38 | U22: 40 | V22: PPS measurement Date : | W22: Ecart/Gap | X22: 42 | Y22: 44 | Z22: Value grading
A23: ='Prise Mesures '!A7 -> A | B23: ='Prise Mesures '!B7 -> 1/2 tour de poitrine (sous emmanchure) / 1/2 chest width (below armhole) | H23: =IF(ISBLANK(G23),"",G23-F23) | I23: ='[2]Prise Mesures '!C7 -> 0.5 | J23: =A23 -> A | K23: =B23 -> 1/2 tour de poitrine (sous emmanchure) / 1/2 chest width (below armhole) | O23: =I23 -> 0.5 | P23: =Q23-Z23 -> -2 | Q23: =$F23 -> 0 | S23: =IF(ISBLANK($R23),"",($R23-$Q23)) | T23: =$Q23+$Z23 -> 2 | U23: =$T23+$Z23 -> 4 | W23: =IF(ISBLANK($V23),"",($V23-$U23)) | X23: =$U23+$Z23 -> 6 | Y23: =$X23+$Z23 -> 8 | Z23: 2
A24: ='Prise Mesures '!A8 -> B | B24: ='Prise Mesures '!B8 -> 1/2 tour de bas de vêtement droit / 1/2 bottom width straight | H24: =IF(ISBLANK(G24),"",G24-F24) | I24: ='[2]Prise Mesures '!C8 -> 0.5 | J24: =A24 -> B | K24: =B24 -> 1/2 tour de bas de vêtement droit / 1/2 bottom width straight | O24: =I24 -> 0.5 | P24: =Q24-Z24 -> -2 | Q24: =$F24 -> 0 | S24: =IF(ISBLANK($R24),"",($R24-$Q24)) | T24: =$Q24+$Z24 -> 2 | U24: =$T24+$Z24 -> 4 | W24: =IF(ISBLANK($V24),"",($V24-$U24)) | X24: =$U24+$Z24 -> 6 | Y24: =$X24+$Z24 -> 8 | Z24: 2
A25: ='Prise Mesures '!A9 -> C | B25: ='Prise Mesures '!B9 -> 1/2 encolure dos / 1/2 back neckline | H25: =IF(ISBLANK(G25),"",G25-F25) | I25: ='[2]Prise Mesures '!C9 -> 0.2 | J25: =A25 -> C | K25: =B25 -> 1/2 encolure dos / 1/2 back neckline | O25: =I25 -> 0.2 | P25: =Q25-Z25 -> -0.25 | Q25: =$F25 -> 0 | S25: =IF(ISBLANK($R25),"",($R25-$Q25)) | T25: =$Q25+$Z25 -> 0.25 | U25: =$T25+$Z25 -> 0.5 | W25: =IF(ISBLANK($V25),"",($V25-$U25)) | X25: =$U25+$Z25 -> 0.75 | Y25: =$X25+$Z25 -> 1 | Z25: 0.25
A26: ='Prise Mesures '!A10 -> D | B26: ='Prise Mesures '!B10 -> 1/2 encolure devant jusqu'au bord / 1/2 front neckline to the edge | H26: =IF(ISBLANK(G26),"",G26-F26) | I26: ='[2]Prise Mesures '!C10 -> 0.2 | J26: =A26 -> D | K26: =B26 -> 1/2 encolure devant jusqu'au bord / 1/2 front neckline to the edge | O26: =I26 -> 0.2 | P26: =Q26-Z26 -> -0.35 | Q26: =$F26 -> 0 | S26: =IF(ISBLANK($R26),"",($R26-$Q26)) | T26: =$Q26+$Z26 -> 0.35 | U26: =$T26+$Z26 -> 0.7 | W26: =IF(ISBLANK($V26),"",($V26-$U26)) | X26: =$U26+$Z26 -> 1.05 | Y26: =$X26+$Z26 -> 1.4 | Z26: 0.35
A27: ='Prise Mesures '!A11 -> D1 | B27: ='Prise Mesures '!B11 -> Encolure sur la manche raglan / Neckline on the raglan sleeve | H27: =IF(ISBLANK(G27),"",G27-F27) | I27: ='[2]Prise Mesures '!C11 -> 0 | J27: =A27 -> D1 | K27: =B27 -> Encolure sur la manche raglan / Neckline on the raglan sleeve | O27: =I27 -> 0 | Q27: =$F27 -> 0 | S27: =IF(ISBLANK($R27),"",($R27-$Q27)) | Y27: =$X27+$Z27 -> #VALUE! | Z27: tbc
A28: ='Prise Mesures '!A12 -> E | B28: ='Prise Mesures '!B12 -> Carrure dos (12 cm de l'encolure milieu dos) / Back cross-front (12 cm from middle back neckline) | H28: =IF(ISBLANK(G28),"",G28-F28) | I28: ='[2]Prise Mesures '!C12 -> 0.5 | J28: =A28 -> E | K28: =B28 -> Carrure dos (12 cm de l'encolure milieu dos) / Back cross-front (12 cm from middle back neckline) | O28: =I28 -> 0.5 | P28: =Q28-Z28 -> -1 | Q28: =$F28 -> 0 | S28: =IF(ISBLANK($R28),"",($R28-$Q28)) | T28: =$Q28+$Z28 -> 1 | U28: =$T28+$Z28 -> 2 | W28: =IF(ISBLANK($V28),"",($V28-$U28)) | X28: =$U28+$Z28 -> 3 | Y28: =$X28+$Z28 -> 4 | Z28: 1
A29: ='Prise Mesures '!A13 -> F | B29: ='Prise Mesures '!B13 -> Carrure devant (13cm de la pointe encolure) / Front cross-front (13 cm from neck point) | H29: =IF(ISBLANK(G29),"",G29-F29) | I29: ='[2]Prise Mesures '!C13 -> 0,5 | J29: =A29 -> F | K29: =B29 -> Carrure devant (13cm de la pointe encolure) / Front cross-front (13 cm from neck point) | O29: =I29 -> 0,5 | P29: =Q29-Z29 -> -1 | Q29: =$F29 -> 0 | S29: =IF(ISBLANK($R29),"",($R29-$Q29)) | T29: =$Q29+$Z29 -> 1 | U29: =$T29+$Z29 -> 2 | W29: =IF(ISBLANK($V29),"",($V29-$U29)) | X29: =$U29+$Z29 -> 3 | Y29: =$X29+$Z29 -> 4 | Z29: 1
A30: ='Prise Mesures '!A14 -> G | B30: ='Prise Mesures '!B14 -> Carrure épaule à épaule / Shoulder to shoulder cross-front | H30: =IF(ISBLANK(G30),"",G30-F30) | I30: ='[2]Prise Mesures '!C14 -> 0.5 | J30: =A30 -> G | K30: =B30 -> Carrure épaule à épaule / Shoulder to shoulder cross-front | O30: =I30 -> 0.5 | P30: =Q30-Z30 -> -1 | Q30: =$F30 -> 0 | S30: =IF(ISBLANK($R30),"",($R30-$Q30)) | T30: =$Q30+$Z30 -> 1 | U30: =$T30+$Z30 -> 2 | W30: =IF(ISBLANK($V30),"",($V30-$U30)) | X30: =$U30+$Z30 -> 3 | Y30: =$X30+$Z30 -> 4 | Z30: 1
A31: ='Prise Mesures '!A15 -> H | B31: ='Prise Mesures '!B15 -> Longueur épaule / Shoulder length | H31: =IF(ISBLANK(G31),"",G31-F31) | I31: ='[2]Prise Mesures '!C15 -> 0.2 | J31: =A31 -> H | K31: =B31 -> Longueur épaule / Shoulder length | O31: =I31 -> 0.2 | P31: =Q31-Z31 -> -0.25 | Q31: =$F31 -> 0 | S31: =IF(ISBLANK($R31),"",($R31-$Q31)) | T31: =$Q31+$Z31 -> 0.25 | U31: =$T31+$Z31 -> 0.5 | W31: =IF(ISBLANK($V31),"",($V31-$U31)) | X31: =$U31+$Z31 -> 0.75 | Y31: =$X31+$Z31 -> 1 | Z31: 0.25
A32: ='Prise Mesures '!A16 -> I | B32: ='Prise Mesures '!B16 -> Longueur manche sans le poignet / Sleeve length without cuff | H32: =IF(ISBLANK(G32),"",G32-F32) | I32: ='[2]Prise Mesures '!C16 -> 0.5 | J32: =A32 -> I | K32: =B32 -> Longueur manche sans le poignet / Sleeve length without cuff | O32: =I32 -> 0.5 | P32: =Q32-Z32 -> -0.5 | Q32: =$F32 -> 0 | S32: =IF(ISBLANK($R32),"",($R32-$Q32)) | T32: =$Q32+$Z32 -> 0.5 | U32: =$T32+$Z32 -> 1 | W32: =IF(ISBLANK($V32),"",($V32-$U32)) | X32: =$U32+$Z32 -> 1.5 | Y32: =$X32+$Z32 -> 2 | Z32: 0.5
A33: ='Prise Mesures '!A17 -> J | B33: ='Prise Mesures '!B17 -> Longueur emmanchure devant / Front armhole length | H33: =IF(ISBLANK(G33),"",G33-F33) | I33: ='[2]Prise Mesures '!C17 -> 0.2 | J33: =A33 -> J | K33: =B33 -> Longueur emmanchure devant / Front armhole length | O33: =I33 -> 0.2 | P33: =Q33-Z33 -> -0.8 | Q33: =$F33 -> 0 | S33: =IF(ISBLANK($R33),"",($R33-$Q33)) | T33: =$Q33+$Z33 -> 0.8 | U33: =$T33+$Z33 -> 1.6 | W33: =IF(ISBLANK($V33),"",($V33-$U33)) | X33: =$U33+$Z33 -> 2.4 | Y33: =$X33+$Z33 -> 3.2 | Z33: 0.8
A34: ='Prise Mesures '!A18 -> K | B34: ='Prise Mesures '!B18 -> Longueur emmanchure dos / Back armhole length | H34: =IF(ISBLANK(G34),"",G34-F34) | I34: ='[2]Prise Mesures '!C18 -> 0.2 | J34: =A34 -> K | K34: =B34 -> Longueur emmanchure dos / Back armhole length | O34: =I34 -> 0.2 | P34: =Q34-Z34 -> -0.8 | Q34: =$F34 -> 0 | S34: =IF(ISBLANK($R34),"",($R34-$Q34)) | T34: =$Q34+$Z34 -> 0.8 | U34: =$T34+$Z34 -> 1.6 | W34: =IF(ISBLANK($V34),"",($V34-$U34)) | X34: =$U34+$Z34 -> 2.4 | Y34: =$X34+$Z34 -> 3.2 | Z34: 0.8
A35: ='Prise Mesures '!A19 -> L | B35: ='Prise Mesures '!B19 -> 1/2 largeur bras / 1/2 arm width | H35: =IF(ISBLANK(G35),"",G35-F35) | I35: ='[2]Prise Mesures '!C19 -> 0.5 | J35: =A35 -> L | K35: =B35 -> 1/2 largeur bras / 1/2 arm width | O35: =I35 -> 0.5 | P35: =Q35-Z35 -> -0.6 | Q35: =$F35 -> 0 | S35: =IF(ISBLANK($R35),"",($R35-$Q35)) | T35: =$Q35+$Z35 -> 0.6 | U35: =$T35+$Z35 -> 1.2 | W35: =IF(ISBLANK($V35),"",($V35-$U35)) | X35: =$U35+$Z35 -> 1.8 | Y35: =$X35+$Z35 -> 2.4 | Z35: 0.6
A36: ='Prise Mesures '!A20 -> M | B36: ='Prise Mesures '!B20 -> 1/2 bas de manche / 1/2 bottom sleeve width | H36: =IF(ISBLANK(G36),"",G36-F36) | I36: ='[2]Prise Mesures '!C20 -> 0.5 | J36: =A36 -> M | K36: =B36 -> 1/2 bas de manche / 1/2 bottom sleeve width | O36: =I36 -> 0.5 | P36: =Q36-Z36 -> -0.25 | Q36: =$F36 -> 0 | S36: =IF(ISBLANK($R36),"",($R36-$Q36)) | T36: =$Q36+$Z36 -> 0.25 | U36: =$T36+$Z36 -> 0.5 | W36: =IF(ISBLANK($V36),"",($V36-$U36)) | X36: =$U36+$Z36 -> 0.75 | Y36: =$X36+$Z36 -> 1 | Z36: 0.25
A37: ='Prise Mesures '!A21 -> N | B37: ='Prise Mesures '!B21 -> Hauteur poignet / Cuff height | H37: =IF(ISBLANK(G37),"",G37-F37) | I37: ='[2]Prise Mesures '!C21 -> 0 | J37: =A37 -> N | K37: =B37 -> Hauteur poignet / Cuff height | O37: =I37 -> 0 | P37: =Q37-Z37 -> 0 | Q37: =$F37 -> 0 | S37: =IF(ISBLANK($R37),"",($R37-$Q37)) | T37: =$Q37+$Z37 -> 0 | U37: =$T37+$Z37 -> 0 | W37: =IF(ISBLANK($V37),"",($V37-$U37)) | X37: =$U37+$Z37 -> 0 | Y37: =$X37+$Z37 -> 0 | Z37: 0
A38: ='Prise Mesures '!A22 -> O | B38: ='Prise Mesures '!B22 -> Longueur milieu dos / Middle back length | H38: =IF(ISBLANK(G38),"",G38-F38) | I38: ='[2]Prise Mesures '!C22 -> 1 | J38: =A38 -> O | K38: =B38 -> Longueur milieu dos / Middle back length | O38: =I38 -> 1 | P38: =Q38-Z38 -> -0.5 | Q38: =F38 -> 0 | S38: =IF(ISBLANK($R38),"",($R38-$Q38)) | T38: =$Q38+$Z38 -> 0.5 | U38: =$T38+$Z38 -> 1 | W38: =IF(ISBLANK($V38),"",($V38-$U38)) | X38: =$U38+$Z38 -> 1.5 | Y38: =$X38+$Z38 -> 2 | Z38: 0.5
A39: ='Prise Mesures '!A23 -> P1 | B39: ='Prise Mesures '!B23 -> Longueur milieu devant / Middle front length | H39: =IF(ISBLANK(G39),"",G39-F39) | I39: ='[2]Prise Mesures '!C23 -> 1 | J39: =A39 -> P1 | K39: =B39 -> Longueur milieu devant / Middle front length | O39: =I39 -> 1 | P39: =Q39-Z39 -> -0.5 | Q39: =$F39 -> 0 | S39: =IF(ISBLANK($R39),"",($R39-$Q39)) | T39: =$Q39+$Z39 -> 0.5 | U39: =$T39+$Z39 -> 1 | W39: =IF(ISBLANK($V39),"",($V39-$U39)) | X39: =$U39+$Z39 -> 1.5 | Y39: =$X39+$Z39 -> 2 | Z39: 0.5
A40: ='Prise Mesures '!A24 -> Q | B40: ='Prise Mesures '!B24 -> 1/2 envergure / 1/2 wingspan | H40: =IF(ISBLANK(G40),"",G40-F40) | I40: ='[2]Prise Mesures '!C24 -> 1 | J40: =A40 -> Q | K40: =B40 -> 1/2 envergure / 1/2 wingspan | O40: =I40 -> 1 | P40: =Q40-Z40 -> -1 | Q40: =$F40 -> 0 | S40: =IF(ISBLANK($R40),"",($R40-$Q40)) | T40: =$Q40+$Z40 -> 1 | U40: =$T40+$Z40 -> 2 | W40: =IF(ISBLANK($V40),"",($V40-$U40)) | X40: =$U40+$Z40 -> 3 | Y40: =$X40+$Z40 -> 4 | Z40: 1
A41: ='Prise Mesures '!A25 -> R | B41: ='Prise Mesures '!B25 -> Longueur bord col / Collar edge length | H41: =IF(ISBLANK(G41),"",G41-F41) | I41: ='[2]Prise Mesures '!C25 -> 0.5 | J41: =A41 -> R | K41: =B41 -> Longueur bord col / Collar edge length | O41: =I41 -> 0.5 | P41: =Q41-Z41 -> -1.2 | Q41: =$F41 -> 0 | S41: =IF(ISBLANK($R41),"",($R41-$Q41)) | T41: =$Q41+$Z41 -> 1.2 | U41: =$T41+$Z41 -> 2.4 | W41: =IF(ISBLANK($V41),"",($V41-$U41)) | X41: =$U41+$Z41 -> 3.6 | Y41: =$X41+$Z41 -> 4.8 | Z41: 1.2
A42: ='Prise Mesures '!A26 -> S | B42: ='Prise Mesures '!B26 -> Hauteur fente / Slit length | H42: =IF(ISBLANK(G42),"",G42-F42) | I42: ='[2]Prise Mesures '!C26 -> 0 | J42: =A42 -> S | K42: =B42 -> Hauteur fente / Slit length | O42: =I42 -> 0 | P42: =Q42-Z42 -> 0 | Q42: =$F42 -> 0 | S42: =IF(ISBLANK($R42),"",($R42-$Q42)) | T42: =$Q42+$Z42 -> 0 | U42: =$T42+$Z42 -> 0 | W42: =IF(ISBLANK($V42),"",($V42-$U42)) | X42: =$U42+$Z42 -> 0 | Y42: =$X42+$Z42 -> 0 | Z42: 0
A43: Les mesures de ce tableau sont les mesures voulues du produit après montage. The measures of this chart are the measures of the product after assembly. | J43: Les mesures de ce tableau sont les mesures voulues du produit après montage. The measures of this chart are the measures of the product after assembly.

Sheet Mesure&Grada - S
A1: SOLUNE | F1: ='CROQUIS '!$G$2 -> Fabricant : EV FASHION | J1: SOLUNE | T1: =F1 -> Fabricant : EV FASHION
A2: TABLEAU DE MESURES VESTE/MANTEAU/ROBES/CHEMISE/TOP - JACKET/COAT/DRESSES/SHIRT/TOP MEASUREMENTS CHART | J2: TABLEAU DE MESURES VESTE/MANTEAU/ROBES/CHEMISE/TOP - JACKET/COAT/DRESSES/SHIRT/TOP MEASUREMENTS CHART
A4: ='CROQUIS '!$E$5 -> Thème : 1EVA32 | C4: ='CROQUIS '!$G$5 -> Modèle : V09413 BELL | F4: Collection : VB | H4: ='CROQUIS '!$C$5 -> Saison : 26H | J4: =A4 -> Thème : 1EVA32 | L4: =C4 -> Modèle : V09413 BELL | P4: =F4 -> Collection : VB | T4: =H4 -> Saison : 26H
A22: N° | B22: DESCRIPTION | F22: Mesures voulues/ Required measurement Date : | G22: Collection sample measurement Date : | H22: Ecarts/Gap | I22: Tolerance | J22: N° | K22: DESCRIPTION | O22: Tolerance | P22: XS | Q22: S | R22: PPS measurement Date : | S22: Ecart/Gap | T22: M | U22: L | V22: PPS measurement Date : | W22: Ecart/Gap | X22: T42 | Y22: XL | Z22: 44 | AA22: Value grading
A23: ='Prise Mesures '!A7 -> A | B23: ='Prise Mesures '!B7 -> 1/2 tour de poitrine (sous emmanchure) / 1/2 chest width (below armhole) | H23: =IF(ISBLANK(G23),"",G23-F23) | I23: ='[2]Prise Mesures '!C7 -> 0.5 | J23: ='[2]Prise Mesures '!A7 -> A | K23: =B23 -> 1/2 tour de poitrine (sous emmanchure) / 1/2 chest width (below armhole) | O23: =I23 -> 0.5 | P23: =Q23-AA23 -> -3 | Q23: =$F23 -> 0 | S23: =IF(ISBLANK($R23),"",($R23-$Q23)) | T23: =$Q23+$AA23 -> 3 | U23: =$T23+$AA23 -> 6 | W23: =IF(ISBLANK($V23),"",($V23-$U23)) | X23: =$U23+$AA23 -> 9 | Y23: =$U23+$AA23 -> 9 | Z23: =$Y23+$AA23 -> 12 | AA23: 3
A24: ='Prise Mesures '!A8 -> B | B24: ='Prise Mesures '!B8 -> 1/2 tour de bas de vêtement droit / 1/2 bottom width straight | H24: =IF(ISBLANK(G24),"",G24-F24) | I24: ='[2]Prise Mesures '!C8 -> 0.5 | J24: ='[2]Prise Mesures '!A8 -> B | K24: =B24 -> 1/2 tour de bas de vêtement droit / 1/2 bottom width straight | O24: =I24 -> 0.5 | P24: =Q24-AA24 -> -3 | Q24: =$F24 -> 0 | S24: =IF(ISBLANK($R24),"",($R24-$Q24)) | T24: =$Q24+$AA24 -> 3 | U24: =$T24+$AA24 -> 6 | W24: =IF(ISBLANK($V24),"",($V24-$U24)) | X24: =$U24+$AA24 -> 9 | Y24: =$U24+$AA24 -> 9 | Z24: =$Y24+$AA24 -> 12 | AA24: 3
A25: ='Prise Mesures '!A9 -> C | B25: ='Prise Mesures '!B9 -> 1/2 encolure dos / 1/2 back neckline | H25: =IF(ISBLANK(G25),"",G25-F25) | I25: ='[2]Prise Mesures '!C9 -> 0.2 | J25: ='[2]Prise Mesures '!A9 -> C | K25: =B25 -> 1/2 encolure dos / 1/2 back neckline | O25: =I25 -> 0.2 | P25: =Q25-AA25 -> -0.375 | Q25: =$F25 -> 0 | S25: =IF(ISBLANK($R25),"",($R25-$Q25)) | T25: =$Q25+$AA25 -> 0.375 | U25: =$T25+$AA25 -> 0.75 | W25: =IF(ISBLANK($V25),"",($V25-$U25)) | X25: =$U25+$AA25 -> 1.125 | Y25: =$U25+$AA25 -> 1.125 | Z25: =$Y25+$AA25 -> 1.5 | AA25: 0.375
A26: ='Prise Mesures '!A10 -> D | B26: ='Prise Mesures '!B10 -> 1/2 encolure devant jusqu'au bord / 1/2 front neckline to the edge | H26: =IF(ISBLANK(G26),"",G26-F26) | I26: ='[2]Prise Mesures '!C10 -> 0.2 | J26: ='[2]Prise Mesures '!A10 -> D | K26: =B26 -> 1/2 encolure devant jusqu'au bord / 1/2 front neckline to the edge | O26: =I26 -> 0.2 | P26: =Q26-AA26 -> -0.5 | Q26: =$F26 -> 0 | S26: =IF(ISBLANK($R26),"",($R26-$Q26)) | T26: =$Q26+$AA26 -> 0.5 | U26: =$T26+$AA26 -> 1 | W26: =IF(ISBLANK($V26),"",($V26-$U26)) | X26: =$U26+$AA26 -> 1.5 | Y26: =$U26+$AA26 -> 1.5 | Z26: =$Y26+$AA26 -> 2 | AA26: 0.5
A27: ='Prise Mesures '!A11 -> D1 | B27: ='Prise Mesures '!B11 -> Encolure sur la manche raglan / Neckline on the raglan sleeve | H27: =IF(ISBLANK(G27),"",G27-F27) | I27: ='[2]Prise Mesures '!C11 -> 0 | J27: ='[2]Prise Mesures '!A11 -> D1 | K27: =B27 -> Encolure sur la manche raglan / Neckline on the raglan sleeve | O27: =I27 -> 0 | Q27: =$F27 -> 0 | S27: =IF(ISBLANK($R27),"",($R27-$Q27)) | W27: =IF(ISBLANK($V27),"",($V27-$U27)) | X27: =$U27+$AA27 -> #VALUE! | Z27: =$Y27+$AA27 -> #VALUE! | AA27: tbc
A28: ='Prise Mesures '!A12 -> E | B28: ='Prise Mesures '!B12 -> Carrure dos (12 cm de l'encolure milieu dos) / Back cross-front (12 cm from middle back neckline) | H28: =IF(ISBLANK(G28),"",G28-F28) | I28: ='[2]Prise Mesures '!C12 -> 0.5 | J28: ='[2]Prise Mesures '!A12 -> E | K28: =B28 -> Carrure dos (12 cm de l'encolure milieu dos) / Back cross-front (12 cm from middle back neckline) | O28: =I28 -> 0.5 | P28: =Q28-AA28 -> -1.5 | Q28: =$F28 -> 0 | S28: =IF(ISBLANK($R28),"",($R28-$Q28)) | T28: =$Q28+$AA28 -> 1.5 | U28: =$T28+$AA28 -> 3 | W28: =IF(ISBLANK($V28),"",($V28-$U28)) | X28: =$U28+$AA28 -> 4.5 | Y28: =$U28+$AA28 -> 4.5 | Z28: =$Y28+$AA28 -> 6 | AA28: 1.5
A29: ='Prise Mesures '!A13 -> F | B29: ='Prise Mesures '!B13 -> Carrure devant (13cm de la pointe encolure) / Front cross-front (13 cm from neck point) | H29: =IF(ISBLANK(G29),"",G29-F29) | I29: ='[2]Prise Mesures '!C13 -> 0,5 | J29: ='[2]Prise Mesures '!A13 -> F | K29: =B29 -> Carrure devant (13cm de la pointe encolure) / Front cross-front (13 cm from neck point) | O29: =I29 -> 0,5 | P29: =Q29-AA29 -> -1.5 | Q29: =$F29 -> 0 | S29: =IF(ISBLANK($R29),"",($R29-$Q29)) | T29: =$Q29+$AA29 -> 1.5 | U29: =$T29+$AA29 -> 3 | W29: =IF(ISBLANK($V29),"",($V29-$U29)) | X29: =$U29+$AA29 -> 4.5 | Y29: =$U29+$AA29 -> 4.5 | Z29: =$Y29+$AA29 -> 6 | AA29: 1.5
A30: ='Prise Mesures '!A14 -> G | B30: ='Prise Mesures '!B14 -> Carrure épaule à épaule / Shoulder to shoulder cross-front | H30: =IF(ISBLANK(G30),"",G30-F30) | I30: ='[2]Prise Mesures '!C14 -> 0.5 | J30: ='[2]Prise Mesures '!A14 -> G | K30: =B30 -> Carrure épaule à épaule / Shoulder to shoulder cross-front | O30: =I30 -> 0.5 | P30: =Q30-AA30 -> -1.5 | Q30: =$F30 -> 0 | S30: =IF(ISBLANK($R30),"",($R30-$Q30)) | T30: =$Q30+$AA30 -> 1.5 | U30: =$T30+$AA30 -> 3 | W30: =IF(ISBLANK($V30),"",($V30-$U30)) | X30: =$U30+$AA30 -> 4.5 | Y30: =$U30+$AA30 -> 4.5 | Z30: =$Y30+$AA30 -> 6 | AA30: 1.5
A31: ='Prise Mesures '!A15 -> H | B31: ='Prise Mesures '!B15 -> Longueur épaule / Shoulder length | H31: =IF(ISBLANK(G31),"",G31-F31) | I31: ='[2]Prise Mesures '!C15 -> 0.2 | J31: ='[2]Prise Mesures '!A15 -> H | K31: =B31 -> Longueur épaule / Shoulder length | O31: =I31 -> 0.2 | P31: =Q31-AA31 -> -0.375 | Q31: =$F31 -> 0 | S31: =IF(ISBLANK($R31),"",($R31-$Q31)) | T31: =$Q31+$AA31 -> 0.375 | U31: =$T31+$AA31 -> 0.75 | W31: =IF(ISBLANK($V31),"",($V31-$U31)) | X31: =$U31+$AA31 -> 1.125 | Y31: =$U31+$AA31 -> 1.125 | Z31: =$Y31+$AA31 -> 1.5 | AA31: 0.375
A32: ='Prise Mesures '!A16 -> I | B32: ='Prise Mesures '!B16 -> Longueur manche sans le poignet / Sleeve length without cuff | I32: ='[2]Prise Mesures '!C16 -> 0.5 | J32: ='[2]Prise Mesures '!A16 -> I | K32: =B32 -> Longueur manche sans le poignet / Sleeve length without cuff | O32: =I32 -> 0.5 | P32: =Q32-AA32 -> -0.75 | Q32: =$F32 -> 0 | S32: =IF(ISBLANK($R32),"",($R32-$Q32)) | T32: =$Q32+$AA32 -> 0.75 | U32: =$T32+$AA32 -> 1.5 | W32: =IF(ISBLANK($V32),"",($V32-$U32)) | X32: =$U32+$AA32 -> 2.25 | Y32: =$U32+$AA32 -> 2.25 | Z32: =$Y32+$AA32 -> 3 | AA32: 0.75
A33: ='Prise Mesures '!A17 -> J | B33: ='Prise Mesures '!B17 -> Longueur emmanchure devant / Front armhole length | I33: ='[2]Prise Mesures '!C17 -> 0.2 | J33: ='[2]Prise Mesures '!A17 -> J | K33: =B33 -> Longueur emmanchure devant / Front armhole length | O33: =I33 -> 0.2 | P33: =Q33-AA33 -> -1.2 | Q33: =$F33 -> 0 | S33: =IF(ISBLANK($R33),"",($R33-$Q33)) | T33: =$Q33+$AA33 -> 1.2 | U33: =$T33+$AA33 -> 2.4 | W33: =IF(ISBLANK($V33),"",($V33-$U33)) | X33: =$U33+$AA33 -> 3.6 | Y33: =$U33+$AA33 -> 3.6 | Z33: =$Y33+$AA33 -> 4.8 | AA33: 1.2
A34: ='Prise Mesures '!A18 -> K | B34: ='Prise Mesures '!B18 -> Longueur emmanchure dos / Back armhole length | I34: ='[2]Prise Mesures '!C18 -> 0.2 | J34: ='[2]Prise Mesures '!A18 -> K | K34: =B34 -> Longueur emmanchure dos / Back armhole length | O34: =I34 -> 0.2 | P34: =Q34-AA34 -> -1.2 | Q34: =$F34 -> 0 | S34: =IF(ISBLANK($R34),"",($R34-$Q34)) | T34: =$Q34+$AA34 -> 1.2 | U34: =$T34+$AA34 -> 2.4 | W34: =IF(ISBLANK($V34),"",($V34-$U34)) | X34: =$U34+$AA34 -> 3.6 | Y34: =$U34+$AA34 -> 3.6 | Z34: =$Y34+$AA34 -> 4.8 | AA34: 1.2
A35: ='Prise Mesures '!A19 -> L | B35: ='Prise Mesures '!B19 -> 1/2 largeur bras / 1/2 arm width | H35: =IF(ISBLANK(G35),"",G35-F35) | I35: ='[2]Prise Mesures '!C19 -> 0.5 | J35: ='[2]Prise Mesures '!A19 -> L | K35: =B35 -> 1/2 largeur bras / 1/2 arm width | O35: =I35 -> 0.5 | P35: =Q35-AA35 -> -0.9 | Q35: =$F35 -> 0 | S35: =IF(ISBLANK($R35),"",($R35-$Q35)) | T35: =$Q35+$AA35 -> 0.9 | U35: =$T35+$AA35 -> 1.8 | W35: =IF(ISBLANK($V35),"",($V35-$U35)) | X35: =$U35+$AA35 -> 2.7 | Y35: =$U35+$AA35 -> 2.7 | Z35: =$Y35+$AA35 -> 3.6 | AA35: 0.9
A36: ='Prise Mesures '!A20 -> M | B36: ='Prise Mesures '!B20 -> 1/2 bas de manche / 1/2 bottom sleeve width | H36: =IF(ISBLANK(G36),"",G36-F36) | I36: ='[2]Prise Mesures '!C20 -> 0.5 | J36: ='[2]Prise Mesures '!A20 -> M | K36: =B36 -> 1/2 bas de manche / 1/2 bottom sleeve width | O36: =I36 -> 0.5 | P36: =Q36-AA36 -> -0.375 | Q36: =$F36 -> 0 | S36: =IF(ISBLANK($R36),"",($R36-$Q36)) | T36: =$Q36+$AA36 -> 0.375 | U36: =$T36+$AA36 -> 0.75 | W36: =IF(ISBLANK($V36),"",($V36-$U36)) | X36: =$U36+$AA36 -> 1.125 | Y36: =$U36+$AA36 -> 1.125 | Z36: =$Y36+$AA36 -> 1.5 | AA36: 0.375
A37: ='Prise Mesures '!A21 -> N | B37: ='Prise Mesures '!B21 -> Hauteur poignet / Cuff height | H37: =IF(ISBLANK(G37),"",G37-F37) | I37: ='[2]Prise Mesures '!C21 -> 0 | J37: ='[2]Prise Mesures '!A21 -> N | K37: =B37 -> Hauteur poignet / Cuff height | O37: =I37 -> 0 | P37: =Q37-AA37 -> 0 | Q37: =$F37 -> 0 | S37: =IF(ISBLANK($R37),"",($R37-$Q37)) | T37: =$Q37+$AA37 -> 0 | U37: =$T37+$AA37 -> 0 | W37: =IF(ISBLANK($V37),"",($V37-$U37)) | X37: =$U37+$AA37 -> 0 | Y37: =$U37+$AA37 -> 0 | Z37: =$Y37+$AA37 -> 0 | AA37: 0
A38: ='Prise Mesures '!A22 -> O | B38: ='Prise Mesures '!B22 -> Longueur milieu dos / Middle back length | I38: ='[2]Prise Mesures '!C22 -> 1 | J38: ='[2]Prise Mesures '!A22 -> O | K38: =B38 -> Longueur milieu dos / Middle back length | O38: =I38 -> 1 | P38: =Q38-AA38 -> -0.75 | Q38: =$F38 -> 0 | S38: =IF(ISBLANK($R38),"",($R38-$Q38)) | T38: =$Q38+$AA38 -> 0.75 | U38: =$T38+$AA38 -> 1.5 | W38: =IF(ISBLANK($V38),"",($V38-$U38)) | X38: =$U38+$AA38 -> 2.25 | Y38: =$U38+$AA38 -> 2.25 | Z38: =$Y38+$AA38 -> 3 | AA38: 0.75
A39: ='Prise Mesures '!A23 -> P1 | B39: ='Prise Mesures '!B23 -> Longueur milieu devant / Middle front length | H39: =IF(ISBLANK(G39),"",G39-F39) | I39: ='[2]Prise Mesures '!C23 -> 1 | J39: ='[2]Prise Mesures '!A23 -> P | K39: =B39 -> Longueur milieu devant / Middle front length | O39: =I39 -> 1 | P39: =Q39-AA39 -> -0.75 | Q39: =$F39 -> 0 | S39: =IF(ISBLANK($R39),"",($R39-$Q39)) | T39: =$Q39+$AA39 -> 0.75 | U39: =$T39+$AA39 -> 1.5 | W39: =IF(ISBLANK($V39),"",($V39-$U39)) | X39: =$U39+$AA39 -> 2.25 | Y39: =$U39+$AA39 -> 2.25 | Z39: =$Y39+$AA39 -> 3 | AA39: 0.75
A40: ='Prise Mesures '!A24 -> Q | B40: ='Prise Mesures '!B24 -> 1/2 envergure / 1/2 wingspan | H40: =IF(ISBLANK(G40),"",G40-F40) | I40: ='[2]Prise Mesures '!C24 -> 1 | J40: ='[2]Prise Mesures '!A24 -> Q | K40: =B40 -> 1/2 envergure / 1/2 wingspan | O40: =I40 -> 1 | P40: =Q40-AA40 -> -1.5 | Q40: =$F40 -> 0 | S40: =IF(ISBLANK($R40),"",($R40-$Q40)) | T40: =$Q40+$AA40 -> 1.5 | U40: =$T40+$AA40 -> 3 | W40: =IF(ISBLANK($V40),"",($V40-$U40)) | X40: =$U40+$AA40 -> 4.5 | Y40: =$U40+$AA40 -> 4.5 | Z40: =$Y40+$AA40 -> 6 | AA40: 1.5
A41: ='Prise Mesures '!A25 -> R | B41: ='Prise Mesures '!B25 -> Longueur bord col / Collar edge length | H41: =IF(ISBLANK(G41),"",G41-F41) | I41: ='[2]Prise Mesures '!C25 -> 0.5 | J41: ='[2]Prise Mesures '!A25 -> R | K41: =B41 -> Longueur bord col / Collar edge length | O41: =I41 -> 0.5 | P41: =Q41-AA41 -> -1.8 | Q41: =$F41 -> 0 | S41: =IF(ISBLANK($R41),"",($R41-$Q41)) | T41: =$Q41+$AA41 -> 1.8 | U41: =$T41+$AA41 -> 3.6 | W41: =IF(ISBLANK($V41),"",($V41-$U41)) | X41: =$U41+$AA41 -> 5.4 | Y41: =$U41+$AA41 -> 5.4 | Z41: =$Y41+$AA41 -> 7.2 | AA41: 1.8
A42: ='Prise Mesures '!A26 -> S | B42: ='Prise Mesures '!B26 -> Hauteur fente / Slit length | H42: =IF(ISBLANK(G42),"",G42-F42) | I42: ='[2]Prise Mesures '!C26 -> 0 | J42: ='[2]Prise Mesures '!A26 -> S | K42: =B42 -> Hauteur fente / Slit length | O42: =I42 -> 0 | P42: =Q42-AA42 -> 0 | Q42: =$F42 -> 0 | S42: =IF(ISBLANK($R42),"",($R42-$Q42)) | T42: =$Q42+$AA42 -> 0 | U42: =$T42+$AA42 -> 0 | W42: =IF(ISBLANK($V42),"",($V42-$U42)) | X42: =$U42+$AA42 -> 0 | Y42: =$U42+$AA42 -> 0 | Z42: =$Y42+$AA42 -> 0 | AA42: 0
A43: Les mesures de ce tableau sont les mesures voulues du produit après montage. The measures of this chart are the measures of the product after assembly. | J43: Les mesures de ce tableau sont les mesures voulues du produit après montage. The measures of this chart are the measures of the product after assembly.

Sheet Mesure&Grada - XS.S M.L
A1: SOLUNE | F1: ='CROQUIS '!G2 -> Fabricant : EV FASHION | J1: SOLUNE | S1: Fabricant : EV FASHION
A2: TABLEAU DE MESURES VESTE/MANTEAU/ROBES/CHEMISE/TOP - JACKET/COAT/DRESSES/SHIRT/TOP MEASUREMENTS CHART | J2: TABLEAU DE MESURES VESTE/MANTEAU/ROBES/CHEMISE/TOP - JACKET/COAT/DRESSES/SHIRT/TOP MEASUREMENTS CHART
A4: ='CROQUIS '!E5 -> Thème : 1EVA32 | C4: ='CROQUIS '!G5 -> Modèle : V09413 BELL | F4: Collection : VB | H4: ='CROQUIS '!C5 -> Saison : 26H | J4: =A4 -> Thème : 1EVA32 | L4: =C4 -> Modèle : V09413 BELL | S4: 45660
A22: N° | B22: DESCRIPTION | F22: Mesures voulues/ Required measurement Date : 14/06/24 | G22: Collection sample measurement Date : | H22: Ecarts/Gap | I22: Tolerance | J22: N° | K22: DESCRIPTION | O22: Tolerance | P22: XS/S | Q22: PPS measurement Date : | R22: Ecart/Gap | S22: M/L | T22: PPS measurement Date : | U22: Ecart/Gap | V22: Value grading
A23: ='Prise Mesures '!A7 -> A | B23: ='Prise Mesures '!B7 -> 1/2 tour de poitrine (sous emmanchure) / 1/2 chest width (below armhole) | F23: 70.2 | H23: =IF(ISBLANK(G23),"",G23-F23) | I23: 1 | J23: =A23 -> A | K23: =B23 -> 1/2 tour de poitrine (sous emmanchure) / 1/2 chest width (below armhole) | O23: 1 | P23: =S23-V23 -> 66.2 | R23: =IF(ISBLANK($Q23),"",($Q23-$P23)) | S23: =F23 -> 70.2 | U23: =IF(ISBLANK($T23),"",($T23-$S23)) | V23: 4
A24: ='Prise Mesures '!A8 -> B | B24: ='Prise Mesures '!B8 -> 1/2 tour de bas de vêtement droit / 1/2 bottom width straight | F24: 82.2 | I24: 1 | J24: =A24 -> B | K24: =B24 -> 1/2 tour de bas de vêtement droit / 1/2 bottom width straight | O24: 1 | P24: =S24-V24 -> 78.2 | S24: =F24 -> 82.2 | U24: =IF(ISBLANK($T24),"",($T24-$S24)) | V24: 4
A25: ='Prise Mesures '!A9 -> C | B25: ='Prise Mesures '!B9 -> 1/2 encolure dos / 1/2 back neckline | F25: 9.4 | H25: =IF(ISBLANK(G25),"",G25-F25) | I25: 1 | J25: =A25 -> C | K25: =B25 -> 1/2 encolure dos / 1/2 back neckline | O25: =I25 -> 1 | P25: =S25-V25 -> 9 | R25: =IF(ISBLANK($Q25),"",($Q25-$P25)) | S25: =F25 -> 9.4 | U25: =IF(ISBLANK($T25),"",($T25-$S25)) | V25: 0.4
A26: ='Prise Mesures '!A10 -> D | B26: ='Prise Mesures '!B10 -> 1/2 encolure devant jusqu'au bord / 1/2 front neckline to the edge | F26: 11.7 | H26: =IF(ISBLANK(G26),"",G26-F26) | I26: 0.2 | J26: =A26 -> D | K26: =B26 -> 1/2 encolure devant jusqu'au bord / 1/2 front neckline to the edge | O26: =I26 -> 0.2 | P26: =S26-V26 -> 11.2 | R26: =IF(ISBLANK($Q26),"",($Q26-$P26)) | S26: =F26 -> 11.7 | U26: =IF(ISBLANK($T26),"",($T26-$S26)) | V26: 0.5
A27: ='Prise Mesures '!A11 -> D1 | B27: ='Prise Mesures '!B11 -> Encolure sur la manche raglan / Neckline on the raglan sleeve | H27: =IF(ISBLANK(G27),"",G27-F27) | I27: 0.2 | J27: =A27 -> D1 | K27: =B27 -> Encolure sur la manche raglan / Neckline on the raglan sleeve | O27: =I27 -> 0.2 | P27: =S27-V27 -> #VALUE! | R27: =IF(ISBLANK($Q27),"",($Q27-$P27)) | S27: =F27 -> 0 | U27: =IF(ISBLANK($T27),"",($T27-$S27)) | V27: tbc
A28: ='Prise Mesures '!A12 -> E | B28: ='Prise Mesures '!B12 -> Carrure dos (12 cm de l'encolure milieu dos) / Back cross-front (12 cm from middle back neckline) | H28: =IF(ISBLANK(G28),"",G28-F28) | I28: ='[1]Prise Mesures '!C11 -> 0.5 | J28: =A28 -> E | K28: =B28 -> Carrure dos (12 cm de l'encolure milieu dos) / Back cross-front (12 cm from middle back neckline) | O28: =I28 -> 0.5 | P28: =S28-V28 -> -2 | R28: =IF(ISBLANK($Q28),"",($Q28-$P28)) | S28: =F28 -> 0 | U28: =IF(ISBLANK($T28),"",($T28-$S28)) | V28: 2
A29: ='Prise Mesures '!A13 -> F | B29: ='Prise Mesures '!B13 -> Carrure devant (13cm de la pointe encolure) / Front cross-front (13 cm from neck point) | H29: =IF(ISBLANK(G29),"",G29-F29) | I29: ='[1]Prise Mesures '!C12 -> 0.5 | J29: =A29 -> F | K29: =B29 -> Carrure devant (13cm de la pointe encolure) / Front cross-front (13 cm from neck point) | O29: =I29 -> 0.5 | P29: =S29-V29 -> -2 | R29: =IF(ISBLANK($Q29),"",($Q29-$P29)) | S29: =F29 -> 0 | U29: =IF(ISBLANK($T29),"",($T29-$S29)) | V29: 2
A30: ='Prise Mesures '!A14 -> G | B30: ='Prise Mesures '!B14 -> Carrure épaule à épaule / Shoulder to shoulder cross-front | H30: =IF(ISBLANK(G30),"",G30-F30) | I30: ='[1]Prise Mesures '!C13 -> 0.5 | J30: =A30 -> G | K30: =B30 -> Carrure épaule à épaule / Shoulder to shoulder cross-front | O30: =I30 -> 0.5 | P30: =S30-V30 -> -2 | R30: =IF(ISBLANK($Q30),"",($Q30-$P30)) | S30: =F30 -> 0 | U30: =IF(ISBLANK($T30),"",($T30-$S30)) | V30: 2
A31: ='Prise Mesures '!A15 -> H | B31: ='Prise Mesures '!B15 -> Longueur épaule / Shoulder length | F31: 5.5 | H31: =IF(ISBLANK(G31),"",G31-F31) | I31: ='[1]Prise Mesures '!C14 -> 0.2 | J31: =A31 -> H | K31: =B31 -> Longueur épaule / Shoulder length | O31: =I31 -> 0.2 | P31: =S31-V31 -> 5.1 | R31: =IF(ISBLANK($Q31),"",($Q31-$P31)) | S31: =F31 -> 5.5 | U31: =IF(ISBLANK($T31),"",($T31-$S31)) | V31: 0.4
A32: ='Prise Mesures '!A16 -> I | B32: ='Prise Mesures '!B16 -> Longueur manche sans le poignet / Sleeve length without cuff | F32: 58.6 | H32: =IF(ISBLANK(G32),"",G32-F32) | I32: 1 | J32: =A32 -> I | K32: =B32 -> Longueur manche sans le poignet / Sleeve length without cuff | O32: =I32 -> 1 | P32: =S32-V32 -> 56.6 | R32: =IF(ISBLANK($Q32),"",($Q32-$P32)) | S32: =F32 -> 58.6 | U32: =IF(ISBLANK($T32),"",($T32-$S32)) | V32: 2
A33: ='Prise Mesures '!A17 -> J | B33: ='Prise Mesures '!B17 -> Longueur emmanchure devant / Front armhole length | F33: 35.6 | H33: =IF(ISBLANK(G33),"",G33-F33) | I33: ='[1]Prise Mesures '!C16 -> 0.5 | J33: =A33 -> J | K33: =B33 -> Longueur emmanchure devant / Front armhole length | O33: =I33 -> 0.5 | P33: =S33-V33 -> 33.6 | R33: =IF(ISBLANK($Q33),"",($Q33-$P33)) | S33: =F33 -> 35.6 | U33: =IF(ISBLANK($T33),"",($T33-$S33)) | V33: 2
A34: ='Prise Mesures '!A18 -> K | B34: ='Prise Mesures '!B18 -> Longueur emmanchure dos / Back armhole length | F34: 37.4 | H34: =IF(ISBLANK(G34),"",G34-F34) | I34: ='[1]Prise Mesures '!C17 -> 0.5 | J34: =A34 -> K | K34: =B34 -> Longueur emmanchure dos / Back armhole length | O34: =I34 -> 0.5 | P34: =S34-V34 -> 35.4 | R34: =IF(ISBLANK($Q34),"",($Q34-$P34)) | S34: =F34 -> 37.4 | U34: =IF(ISBLANK($T34),"",($T34-$S34)) | V34: 2
A35: ='Prise Mesures '!A19 -> L | B35: ='Prise Mesures '!B19 -> 1/2 largeur bras / 1/2 arm width | F35: 40.1 | H35: =IF(ISBLANK(G35),"",G35-F35) | I35: ='[1]Prise Mesures '!C18 -> 0 | J35: =A35 -> L | K35: =B35 -> 1/2 largeur bras / 1/2 arm width | O35: =I35 -> 0 | P35: =S35-V35 -> 38.9 | R35: =IF(ISBLANK($Q35),"",($Q35-$P35)) | S35: =F35 -> 40.1 | U35: =IF(ISBLANK($T35),"",($T35-$S35)) | V35: 1.2
A36: ='Prise Mesures '!A20 -> M | B36: ='Prise Mesures '!B20 -> 1/2 bas de manche / 1/2 bottom sleeve width | F36: 12.5 | H36: =IF(ISBLANK(G36),"",G36-F36) | I36: ='[1]Prise Mesures '!C19 -> 0.5 | J36: =A36 -> M | K36: =B36 -> 1/2 bas de manche / 1/2 bottom sleeve width | O36: =I36 -> 0.5 | P36: =S36-V36 -> 12 | R36: =IF(ISBLANK($Q36),"",($Q36-$P36)) | S36: =F36 -> 12.5 | U36: =IF(ISBLANK($T36),"",($T36-$S36)) | V36: 0.5
A37: ='Prise Mesures '!A21 -> N | B37: ='Prise Mesures '!B21 -> Hauteur poignet / Cuff height | I37: ='[1]Prise Mesures '!C20 -> 0.5 | J37: =A37 -> N | K37: =B37 -> Hauteur poignet / Cuff height | O37: =I37 -> 0.5 | P37: =S37-V37 -> 0 | R37: =IF(ISBLANK($Q37),"",($Q37-$P37)) | S37: =F37 -> 0 | U37: =IF(ISBLANK($T37),"",($T37-$S37)) | V37: 0
A38: ='Prise Mesures '!A22 -> O | B38: ='Prise Mesures '!B22 -> Longueur milieu dos / Middle back length | F38: 66.8 | I38: ='[1]Prise Mesures '!C21 -> 1 | J38: =A38 -> O | K38: =B38 -> Longueur milieu dos / Middle back length | O38: =I38 -> 1 | P38: =S38-V38 -> 62.8 | R38: =IF(ISBLANK($Q38),"",($Q38-$P38)) | S38: =F38 -> 66.8 | U38: =IF(ISBLANK($T38),"",($T38-$S38)) | V38: 4
A39: ='Prise Mesures '!A23 -> P1 | B39: ='Prise Mesures '!B23 -> Longueur milieu devant / Middle front length | F39: 38.4 | I39: ='[1]Prise Mesures '!C22 -> 1 | J39: =A39 -> P1 | K39: =B39 -> Longueur milieu devant / Middle front length | O39: =I39 -> 1 | P39: =S39-V39 -> 34.4 | R39: =IF(ISBLANK($Q39),"",($Q39-$P39)) | S39: =F39 -> 38.4 | U39: =IF(ISBLANK($T39),"",($T39-$S39)) | V39: 4
A40: ='Prise Mesures '!A24 -> Q | B40: ='Prise Mesures '!B24 -> 1/2 envergure / 1/2 wingspan | H40: =IF(ISBLANK(G40),"",G40-F40) | I40: ='[1]Prise Mesures '!C23 -> 1 | J40: =A40 -> Q | K40: =B40 -> 1/2 envergure / 1/2 wingspan | O40: =I40 -> 1 | P40: =S40-V40 -> -3 | R40: =IF(ISBLANK($Q40),"",($Q40-$P40)) | S40: =F40 -> 0 | U40: =IF(ISBLANK($T40),"",($T40-$S40)) | V40: 3
A41: ='Prise Mesures '!A25 -> R | B41: ='Prise Mesures '!B25 -> Longueur bord col / Collar edge length | F41: 41 | H41: =IF(ISBLANK(G41),"",G41-F41) | I41: ='[1]Prise Mesures '!C24 -> 0.5 | J41: =A41 -> R | K41: =B41 -> Longueur bord col / Collar edge length | O41: =I41 -> 0.5 | P41: =S41-V41 -> 39.2 | R41: =IF(ISBLANK($Q41),"",($Q41-$P41)) | S41: =F41 -> 41 | U41: =IF(ISBLANK($T41),"",($T41-$S41)) | V41: 1.8
A42: ='Prise Mesures '!A26 -> S | B42: ='Prise Mesures '!B26 -> Hauteur fente / Slit length | H42: =IF(ISBLANK(G42),"",G42-F42) | I42: ='[1]Prise Mesures '!C25 -> 0 | J42: =A42 -> S | K42: =B42 -> Hauteur fente / Slit length | O42: =I42 -> 0 | P42: =F42 -> 0 | R42: =IF(ISBLANK($Q42),"",($Q42-$P42)) | S42: =P42+V42 -> 2 | U42: =IF(ISBLANK($T42),"",($T42-$S42)) | V42: 2
A43: Les mesures de ce tableau sont les mesures voulues du produit après montage. The measures of this chart are the measures of the product after assembly. | J43: Les mesures de ce tableau sont les mesures voulues du produit après montage. The measures of this chart are the measures of the product after assembly.

Sheet Prise Mesures 
A1: SOLUNE
A2: PRISE DE MESURES / MEASUREMENT CHART
A6: CODE | B6: MEASUREMENTS CHART / PRISE DE MESURES | C6: TOLERANCES
A7: A | B7: 1/2 tour de poitrine (sous emmanchure) / 1/2 chest width (below armhole) | C7: 0.5
A8: B | B8: 1/2 tour de bas de vêtement droit / 1/2 bottom width straight | C8: 0.5
A9: C | B9: 1/2 encolure dos / 1/2 back neckline | C9: 0.2
A10: D | B10: 1/2 encolure devant jusqu'au bord / 1/2 front neckline to the edge | C10: 0.2
A11: D1 | B11: Encolure sur la manche raglan / Neckline on the raglan sleeve | C11: 0
A12: E | B12: Carrure dos (12 cm de l'encolure milieu dos) / Back cross-front (12 cm from middle back neckline) | C12: 0.5
A13: F | B13: Carrure devant (13cm de la pointe encolure) / Front cross-front (13 cm from neck point) | C13: 0,5
A14: G | B14: Carrure épaule à épaule / Shoulder to shoulder cross-front | C14: 0.5
A15: H | B15: Longueur épaule / Shoulder length | C15: 0.2
A16: I | B16: Longueur manche sans le poignet / Sleeve length without cuff | C16: 0.5
A17: J | B17: Longueur emmanchure devant / Front armhole length | C17: 0.5
A18: K | B18: Longueur emmanchure dos / Back armhole length | C18: 0.5
A19: L | B19: 1/2 largeur bras / 1/2 arm width | C19: 0.5
A20: M | B20: 1/2 bas de manche / 1/2 bottom sleeve width | C20: 0.5
A21: N | B21: Hauteur poignet / Cuff height | C21: 0
A22: O | B22: Longueur milieu dos / Middle back length | C22: 1
A23: P1 | B23: Longueur milieu devant / Middle front length | C23: 1
A24: Q | B24: 1/2 envergure / 1/2 wingspan | C24: 1
A25: R | B25: Longueur bord col / Collar edge length | C25: 0.5
A26: S | B26: Hauteur fente / Slit length | C26: 0

Sheet BOM
C1: FICHE COMPOSANTS / BOM | G1: Updated :
A3: ='CROQUIS '!$E$5 -> Thème : 1EVA32 | C3: ='CROQUIS '!$G$5 -> Modèle : V09413 BELL | E3: ='CROQUIS '!$C$5 -> Saison : 26H | F3: Modéliste :
A4: CROQUIS/SKETCH | F4: Fabricant/Supplier :
F6: Traitement :
F7: Lavage/Washing
F8: Surteinture/Garment dye
F9: Autre/Other :
F11: FIL NORMAL/ NORMAL THREAD
F13: FILS CORDONNET/ CORDONNET THREAD
F15: Conditionnement/Packaging :
F16: Cintre+housse/Hanger+plastic cover
F17: Suspendu/Suspended
F18: Plié/Folded
A19: COMPONENT | D19: Qtés Qties | E19: Visuel Visual
B21: COLORWAY
A22: MATIERE PRINCIPALE/MAIN FABRIC
A28: MATIERE SECONDAIRE/SECOND FABRIC
A34: DOUBLURE/LINING
A40: FOURNITURES/TRIMS
A41: THREAD
A52: GRIFFE/BRAND WOVEN LABEL | D52: 1 | I52: Reference: VB22_WL002 (petite griffe/ small label)
A53: UNILABEL | I53: Reference: VB22_WL001 (grande griffe/big label)
I54: Reference : VB22_JEAN
A58: PUCE DE TAILE/SIZE LABEL | D58: 1
A59: UNILABEL
A60: Reference: VB22_SL-xx
A62: UNILABEL | D62: 1 | I62: Reference: VB22_SET002
I63: reference: VB22_VALO-XXXX

Sheet FCM
C1: FICHE COMPOSANTS / ARTICLE SHEET | L1: Updated : 23/02/2026
A3: ='CROQUIS '!$E$5 -> Thème : 1EVA32 | C3: ='CROQUIS '!$G$5 -> Modèle : V09413 BELL | H3: ='CROQUIS '!$C$5 -> Saison : 26H | K3: Modéliste : RECONDUIT
K4: Fabricant : EV FASHION
K7: Traitement :
K12: NORMAL THREAD | M12: X
K15: CORDONNET THREAD
K18: FLAT+ HANGERS
K21: FOLDED | L21: X
K24: SUSPENDED
A27: COMPONENT | D27: METRAGE COLL OU QUANTITE | F27: METRAGE PROD OU QUANTITE | H27: 001 BLANC | J27: 671 OLIVE
B30: COLORWAY
A31: EV FASHION
A32: VOILE FACONNE
A33: 55% CO 45% VI | C33: 130CM
A34: Poids: 82 gr
A39: EV FASHION
A40: LIGHT FUSIBLE
A47: EV FASHION
A48: ELASTIC TAPE
C49: 1CM
A87: LABEL 7 | F87: 1 | H87: FOND BLE & LOGO OR
A88: Reference : VBR WL 0002
A95: LABEL 7 | F95: 1 | H95: ble/gold
A96: Reference : VBR SL 0001
A103: LABEL 7 | F103: 1
A104: Reference : VB22_PACK002

Sheet Labelling 
A1: SOLUNE | F1: ='CROQUIS '!G2 -> Fabricant : EV FASHION | I1: SOLUNE | N1: =F1 -> Fabricant : EV FASHION
A2: POSITION DE LA GRIFFE / LABEL POSITION | I2: POSITION DE L'ETIQUETTE D'ENTRETIEN / CARE LABEL POSITION
A4: ='CROQUIS '!E5 -> Thème : 1EVA32 | C4: ='CROQUIS '!G5 -> Modèle : V09413 BELL | F4: Collection: VB | H4: ='CROQUIS '!C5 -> Saison : 26H | I4: =A4 -> Thème : 1EVA32 | K4: =C4 -> Modèle : V09413 BELL | N4: =F4 -> Collection: VB | P4: =H4 -> Saison : 26H
