Workbook

Sheet CROQUIS
A2: SOLUNE | D2: Collection : VB | G2: Fabricant:
A3: CROQUIS TECHNIQUE
C5: Saison : 26H | E5: Thème : | G5: Modèle : V04844 HULDA
A6: Base | C6: Saison: | E6: Thème: | G6: Modèle:

Sheet FICHE COMMENTAIRES
A2: SOLUNE | G2: =O2 -> Fabricant: | I2: SOLUNE | O2: Fabricant: | Q2: SOLUNE | W2: =O2 -> Fabricant: | Y2: SOLUNE | AE2: =W2 -> Fabricant: | AG2: SOLUNE | AM2: =AE2 -> Fabricant: | AO2: SOLUNE | AU2: =AM2 -> Fabricant: | AW2: SOLUNE | BC2: =AU2 -> Fabricant:
A3: PICTURES / SKETCH + COMMENTS | I3: PICTURES / SKETCH + COMMENTS | Q3: PICTURES / SKETCH + COMMENTS | Y3: PICTURES / SKETCH + COMMENTS | AG3: PICTURES / SKETCH + COMMENTS | AO3: PICTURES / SKETCH + COMMENTS | AW3: PICTURES / SKETCH + COMMENTS
A5: =I5 -> Thème : | C5: =K5 -> Modèle : | F5: Collection: VB | H5: =P5 -> Saison : | I5: Thème : | K5: Modèle : | N5: Collection: VB | P5: Saison : | Q5: =I5 -> Thème : | S5: =K5 -> Modèle : | V5: Collection: VB | X5: =P5 -> Saison : | Y5: =I5 -> Thème : | AA5: =K5 -> Modèle : | AD5: Collection: VB | AF5: =P5 -> Saison : | AG5: =I5 -> Thème : | AI5: =K5 -> Modèle : | AL5: Collection: VB | AN5: =P5 -> Saison : | AO5: =I5 -> Thème : | AQ5: =K5 -> Modèle : | AT5: Collection: VB | AV5: =P5 -> Saison : | AW5: =I5 -> Thème : | AY5: =K5 -> Modèle : | BB5: Collection: VB | BD5: =P5 -> Saison :
A7: NORMALISATION | I7: 1er commentaires/ First comments | N7: N° plomb 36 : | Q7: 1er commentaires/ First comments | V7: =N7 -> N° plomb 36 : | X7: =P7 -> 0 | Y7: TDS / PPS comments | AD7: N° plomb 36 : N° plomb 40 : | AG7: TDS / PPS comments | AL7: =AD7 -> N° plomb 36 : N° plomb 40 : | AN7: =AF7 -> 0 | AO7: TDS 2 / PPS 2 comments | AT7: N° plomb 36 : N° plomb 40 : | AW7: TDS 2 / PPS 2 comments | BB7: =AT7 -> N° plomb 36 : N° plomb 40 : | BD7: =AV7 -> 0
A9: PARTICIPANTS:
A10: DATE :
A12: COMMENTAIRES

Sheet Fiche technique 
A1: SOLUNE | B1: Collection : VB | D1: Fabricant : | F1: Updated : 28/11/2025 | G1: SOLUNE | H1: Collection : VB | J1: =D1 -> Fabricant : | L1: =F1 -> Updated : 28/11/2025 | M1: SOLUNE | N1: Collection : VB | P1: =J1 -> Fabricant : | R1: =L1 -> Updated : 28/11/2025 | S1: SOLUNE | T1: Collection : VB | V1: =J1 -> Fabricant : | X1: =L1 -> Updated : 28/11/2025
A2: FICHE TECHNIQUE | G2: FICHE TECHNIQUE | M2: FICHE TECHNIQUE | S2: FICHE TECHNIQUE
A3: Thème : 1EVA69 | B3: Modèle : V04844 LAUREN | E3: Saison : 26H | F3: Modéliste : | G3: =A3 -> Thème : 1EVA69 | H3: =B3 -> Modèle : V04844 LAUREN | K3: =E3 -> Saison : 26H | L3: =F3 -> Modéliste : | M3: =G3 -> Thème : 1EVA69 | N3: =H3 -> Modèle : V04844 LAUREN | Q3: =K3 -> Saison : 26H | R3: =L3 -> Modéliste : | S3: =G3 -> Thème : 1EVA69 | T3: =H3 -> Modèle : V04844 LAUREN | W3: =K3 -> Saison : 26H | X3: =L3 -> Modéliste :
A4: FIL / | B4: NORMAL | C4: X | D4: Coloris / Color : TONE ON TONE | F4: Assembly : 5 pts/cm | G4: FIL / | H4: NORMAL | I4: X | J4: Coloris / Color : TONE ON TONE | L4: Assembly : 5 pts/cm | M4: FIL / | N4: NORMAL | O4: X | P4: Coloris / Color : TONE ON TONE | R4: Assembly : 5 pts/cm | S4: FIL / | T4: NORMAL | U4: X | V4: Coloris / Color : TONE ON TONE | X4: Assembly : 5 pts/cm
A5: THREAD | B5: CORDONNET | C5: X | F5: Topstitching : 3,5 pts/cm | G5: THREAD | H5: CORDONNET | I5: X | L5: Topstitching : 3,5 pts/cm | M5: THREAD | N5: CORDONNET | O5: X | R5: Topstitching : 3,5 pts/cm | S5: THREAD | T5: CORDONNET | U5: X | X5: Topstitching : 3,5 pts/cm
A6: Taille du prototype / Original sample size : 36

Sheet Mesures & Gradation - 36
A1: SOLUNE | F1: Fabricant: | J1: SOLUNE | T1: =F1 -> Fabricant:
A2: TABLEAU DE MESURES PANTALON & SHORT / TROUSERS & SHORT MEASUREMENTS CHART | J2: TABLEAU DE MESURES PANTALON & SHORT / TROUSERS & SHORT MEASUREMENTS CHART
A4: Thème : | C4: Modèle : V04844 LAUREN | F4: Collection : VB | H4: Saison : 26H | J4: =A4 -> Thème : | L4: =C4 -> Modèle : V04844 LAUREN | Q4: =F4 -> Collection : VB | T4: =H4 -> Saison : 26H
A22: N° | B22: DESCRIPTION | F22: Mesures voulues/ Required measurement Date : 25/11/25 | G22: Collection sample measurement Date : | H22: Ecarts/Gap | I22: Tolerance | J22: N° | K22: DESCRIPTION | O22: Tolerance | P22: 34 | Q22: 36 | R22: PPS measurement Date : | S22: Ecart/Gap | T22: 38 | U22: 40 | V22: PPS measurement Date : | W22: Ecart/Gap | X22: 42 | Y22: T44 | Z22: Value grading
A23: ='Prise Mesures '!A7 -> A | B23: ='Prise Mesures '!B7 -> 1/2 tour de taille / 1/2 waist width | F23: 36 | H23: =IF(ISBLANK(G23),"",G23-F23) | I23: ='Prise Mesures '!C7 -> 0.5 | J23: =+A23 -> A | K23: =B23 -> 1/2 tour de taille / 1/2 waist width | O23: =I23 -> 0.5 | P23: =$Q23-$Z23 -> 34 | Q23: =$F23 -> 36 | S23: =IF(ISBLANK($R23),"",($R23-$Q23)) | T23: =$Q23+$Z23 -> 38 | U23: =$T23+$Z23 -> 40 | W23: =IF(ISBLANK($V23),"",($V23-$U23)) | X23: =$U23+$Z23 -> 42 | Y23: =$X23+$Z23 -> 44 | Z23: 2
A24: ='Prise Mesures '!A8 -> B | B24: ='Prise Mesures '!B8 -> 1/2 tour de hanches (sous la braguette) / 1/2 hip width (below the fly) | F24: 44 | H24: =IF(ISBLANK(G24),"",G24-F24) | I24: ='Prise Mesures '!C8 -> 0.5 | J24: =+A24 -> B | K24: =B24 -> 1/2 tour de hanches (sous la braguette) / 1/2 hip width (below the fly) | O24: =I24 -> 0.5 | P24: =$Q24-$Z24 -> 42 | Q24: =$F24 -> 44 | S24: =IF(ISBLANK($R24),"",($R24-$Q24)) | T24: =$Q24+$Z24 -> 46 | U24: =$T24+$Z24 -> 48 | W24: =IF(ISBLANK($V24),"",($V24-$U24)) | X24: =$U24+$Z24 -> 50 | Y24: =$X24+$Z24 -> 52 | Z24: 2
A25: ='Prise Mesures '!A9 -> C | B25: ='Prise Mesures '!B9 -> 1/2 tour de cuisse (sous la fourche) / 1/2 thigh width (below the crotch) | F25: 26.5 | H25: =IF(ISBLANK(G25),"",G25-F25) | I25: ='Prise Mesures '!C9 -> 0.5 | J25: =+A25 -> C | K25: =B25 -> 1/2 tour de cuisse (sous la fourche) / 1/2 thigh width (below the crotch) | O25: =I25 -> 0.5 | P25: =$Q25-$Z25 -> 25.25 | Q25: =$F25 -> 26.5 | S25: =IF(ISBLANK($R25),"",($R25-$Q25)) | T25: =$Q25+$Z25 -> 27.75 | U25: =$T25+$Z25 -> 29 | W25: =IF(ISBLANK($V25),"",($V25-$U25)) | X25: =$U25+$Z25 -> 30.25 | Y25: =$X25+$Z25 -> 31.5 | Z25: 1.25
A26: ='Prise Mesures '!A10 -> D | B26: ='Prise Mesures '!B10 -> 1/2 tour genoux (35 cm de la fourche) / 1/2 knee width (35 cm from the crotch) | F26: 21 | H26: =IF(ISBLANK(G26),"",G26-F26) | I26: ='Prise Mesures '!C10 -> 0.5 | J26: =+A26 -> D | K26: =B26 -> 1/2 tour genoux (35 cm de la fourche) / 1/2 knee width (35 cm from the crotch) | O26: =I26 -> 0.5 | P26: =$Q26-$Z26 -> 20.25 | Q26: =$F26 -> 21 | S26: =IF(ISBLANK($R26),"",($R26-$Q26)) | T26: =$Q26+$Z26 -> 21.75 | U26: =$T26+$Z26 -> 22.5 | W26: =IF(ISBLANK($V26),"",($V26-$U26)) | X26: =$U26+$Z26 -> 23.25 | Y26: =$X26+$Z26 -> 24 | Z26: 0.75
A27: ='Prise Mesures '!A11 -> E | B27: ='Prise Mesures '!B11 -> 1/2 largeur bas / 1/2 bottom width | F27: 21 | H27: =IF(ISBLANK(G27),"",G27-F27) | I27: ='Prise Mesures '!C11 -> 0.5 | J27: =+A27 -> E | K27: =B27 -> 1/2 largeur bas / 1/2 bottom width | O27: =I27 -> 0.5 | P27: =$Q27-$Z27 -> 20.5 | Q27: =$F27 -> 21 | S27: =IF(ISBLANK($R27),"",($R27-$Q27)) | T27: =$Q27+$Z27 -> 21.5 | U27: =$T27+$Z27 -> 22 | W27: =IF(ISBLANK($V27),"",($V27-$U27)) | X27: =$U27+$Z27 -> 22.5 | Y27: =$X27+$Z27 -> 23 | Z27: 0.5
A28: ='Prise Mesures '!A12 -> F | B28: ='Prise Mesures '!B12 -> Longueur côté (avec ceinture) / Side length (with waistband) | F28: 113.5 | H28: =IF(ISBLANK(G28),"",G28-F28) | I28: ='Prise Mesures '!C12 -> 1 | J28: =+A28 -> F | K28: =B28 -> Longueur côté (avec ceinture) / Side length (with waistband) | O28: =I28 -> 1 | P28: =$Q28-$Z28 -> 112.75 | Q28: =$F28 -> 113.5 | S28: =IF(ISBLANK($R28),"",($R28-$Q28)) | T28: =$Q28+$Z28 -> 114.25 | U28: =$T28+$Z28 -> 115 | W28: =IF(ISBLANK($V28),"",($V28-$U28)) | X28: =$U28+$Z28 -> 115.75 | Y28: =$X28+$Z28 -> 116.5 | Z28: 0.75
A29: ='Prise Mesures '!A13 -> G | B29: ='Prise Mesures '!B13 -> Longueur entrejambe / Inside leg length | F29: 84 | H29: =IF(ISBLANK(G29),"",G29-F29) | I29: ='Prise Mesures '!C13 -> 1 | J29: =+A29 -> G | K29: =B29 -> Longueur entrejambe / Inside leg length | O29: =I29 -> 1 | P29: =$Q29-$Z29 -> 84 | Q29: =$F29 -> 84 | S29: =IF(ISBLANK($R29),"",($R29-$Q29)) | T29: =$Q29+$Z29 -> 84 | U29: =$T29+$Z29 -> 84 | W29: =IF(ISBLANK($V29),"",($V29-$U29)) | X29: =$U29+$Z29 -> 84 | Y29: =$X29+$Z29 -> 84 | Z29: 0
A30: ='Prise Mesures '!A14 -> H | B30: ='Prise Mesures '!B14 -> Longueur fourche devant / Front crotch length | F30: 25 | H30: =IF(ISBLANK(G30),"",G30-F30) | I30: ='Prise Mesures '!C14 -> 0.5 | J30: =+A30 -> H | K30: =B30 -> Longueur fourche devant / Front crotch length | O30: =I30 -> 0.5 | P30: =$Q30-$Z30 -> 24.25 | Q30: =$F30 -> 25 | S30: =IF(ISBLANK($R30),"",($R30-$Q30)) | T30: =$Q30+$Z30 -> 25.75 | U30: =$T30+$Z30 -> 26.5 | W30: =IF(ISBLANK($V30),"",($V30-$U30)) | X30: =$U30+$Z30 -> 27.25 | Y30: =$X30+$Z30 -> 28 | Z30: 0.75
A31: ='Prise Mesures '!A15 -> I | B31: ='Prise Mesures '!B15 -> Longueur fourche dos / Back crotch length | F31: 33 | H31: =IF(ISBLANK(G31),"",G31-F31) | I31: ='Prise Mesures '!C15 -> 0.5 | J31: =+A31 -> I | K31: =B31 -> Longueur fourche dos / Back crotch length | O31: =I31 -> 0.5 | P31: =$Q31-$Z31 -> 32 | Q31: =$F31 -> 33 | S31: =IF(ISBLANK($R31),"",($R31-$Q31)) | T31: =$Q31+$Z31 -> 34 | U31: =$T31+$Z31 -> 35 | W31: =IF(ISBLANK($V31),"",($V31-$U31)) | X31: =$U31+$Z31 -> 36 | Y31: =$X31+$Z31 -> 37 | Z31: 1
A32: ='Prise Mesures '!A16 -> J | B32: ='Prise Mesures '!B16 -> Largeur poche dos / Back pocket width | F32: 15 | H32: =IF(ISBLANK(G32),"",G32-F32) | I32: ='Prise Mesures '!C16 -> 0 | J32: =+A32 -> J | K32: =B32 -> Largeur poche dos / Back pocket width | O32: =I32 -> 0 | P32: =$Q32-$Z32 -> 15 | Q32: =$F32 -> 15 | S32: =IF(ISBLANK($R32),"",($R32-$Q32)) | T32: =$Q32+$Z32 -> 15 | U32: =$T32+$Z32 -> 15 | W32: =IF(ISBLANK($V32),"",($V32-$U32)) | X32: =$U32+$Z32 -> 15 | Y32: =$X32+$Z32 -> 15 | Z32: 0
A33: ='Prise Mesures '!A17 -> K | B33: ='Prise Mesures '!B17 -> Longueur poche dos / Back pocket length | F33: 15.5 | H33: =IF(ISBLANK(G33),"",G33-F33) | I33: ='Prise Mesures '!C17 -> 0 | J33: =+A33 -> K | K33: =B33 -> Longueur poche dos / Back pocket length | O33: =I33 -> 0 | P33: =$Q33-$Z33 -> 15.5 | Q33: =$F33 -> 15.5 | S33: =IF(ISBLANK($R33),"",($R33-$Q33)) | T33: =$Q33+$Z33 -> 15.5 | U33: =$T33+$Z33 -> 15.5 | W33: =IF(ISBLANK($V33),"",($V33-$U33)) | X33: =$U33+$Z33 -> 15.5 | Y33: =$X33+$Z33 -> 15.5 | Z33: 0
A34: ='Prise Mesures '!A18 -> L | B34: ='Prise Mesures '!B18 -> Hauteur ceinture / Waistband height | F34: 4 | H34: =IF(ISBLANK(G34),"",G34-F34) | I34: ='Prise Mesures '!C18 -> 0 | J34: =+A34 -> L | K34: =B34 -> Hauteur ceinture / Waistband height | O34: =I34 -> 0 | P34: =$Q34-$Z34 -> 4 | Q34: =$F34 -> 4 | S34: =IF(ISBLANK($R34),"",($R34-$Q34)) | T34: =$Q34+$Z34 -> 4 | U34: =$T34+$Z34 -> 4 | W34: =IF(ISBLANK($V34),"",($V34-$U34)) | X34: =$U34+$Z34 -> 4 | Y34: =$X34+$Z34 -> 4 | Z34: 0
A35: ='Prise Mesures '!A19 -> M | B35: ='Prise Mesures '!B19 -> Longueur zip / Zip length | F35: 15 | H35: =IF(ISBLANK(G35),"",G35-F35) | I35: ='Prise Mesures '!C19 -> 0 | J35: =+A35 -> M | K35: =B35 -> Longueur zip / Zip length | O35: =I35 -> 0 | P35: =$Q35-$Z35 -> 15 | Q35: =$F35 -> 15 | S35: =IF(ISBLANK($R35),"",($R35-$Q35)) | T35: =$Q35+$Z35 -> 15 | U35: =$T35+$Z35 -> 15 | W35: =IF(ISBLANK($V35),"",($V35-$U35)) | X35: =$U35+$Z35 -> 15 | Y35: =$X35+$Z35 -> 15 | Z35: 0
A36: Les mesures de ce tableau sont les mesures voulues du produit après montage. The measures of this chart are the measures of the product after assembly. | J36: Les mesures de ce tableau sont les mesures voulues du produit après montage. The measures of this chart are the measures of the product after assembly.

Sheet Mesures & Gradation - S
A1: SOLUNE | F1: Fabricant: | J1: SOLUNE | T1: =F1 -> Fabricant:
A2: TABLEAU DE MESURES PANTALON & SHORT / TROUSERS & SHORT MEASUREMENTS CHART | J2: TABLEAU DE MESURES PANTALON & SHORT / TROUSERS & SHORT MEASUREMENTS CHART
A4: Thème : | C4: Modèle : V04 | F4: Collection : VB | H4: Saison : | J4: =A4 -> Thème : | L4: =C4 -> Modèle : V04 | Q4: =F4 -> Collection : VB | T4: =H4 -> Saison :
A22: N° | B22: DESCRIPTION | F22: Mesures voulues/ Required measurement Date : | G22: Collection sample measurement Date : | H22: Ecarts/Gap | I22: Tolerance | J22: N° | K22: DESCRIPTION | O22: Tolerance | P22: XS | Q22: S | R22: PPS measurement Date : | S22: Ecart/Gap | T22: M | U22: L | V22: PPS measurement Date : | W22: Ecart/Gap | X22: XL | Y22: T44 | Z22: Value grading | AA22: Value grading
A23: ='Prise Mesures '!A7 -> A | B23: ='Prise Mesures '!B7 -> 1/2 tour de taille / 1/2 waist width | H23: =IF(ISBLANK(G23),"",G23-F23) | I23: ='Prise Mesures '!C7 -> 0.5 | J23: =+A23 -> A | K23: =B23 -> 1/2 tour de taille / 1/2 waist width | O23: =I23 -> 0.5 | P23: =$Q23-$Z23 -> -3 | Q23: =$F23 -> 0 | S23: =IF(ISBLANK($R23),"",($R23-$Q23)) | T23: =$Q23+$Z23 -> 3 | U23: =$T23+$Z23 -> 6 | W23: =IF(ISBLANK($V23),"",($V23-$U23)) | X23: =$U23+$Z23 -> 9 | Y23: =$X23+$Z23 -> 12 | Z23: 3 | AA23: 3
A24: ='Prise Mesures '!A8 -> B | B24: ='Prise Mesures '!B8 -> 1/2 tour de hanches (sous la braguette) / 1/2 hip width (below the fly) | H24: =IF(ISBLANK(G24),"",G24-F24) | I24: ='Prise Mesures '!C8 -> 0.5 | J24: =+A24 -> B | K24: =B24 -> 1/2 tour de hanches (sous la braguette) / 1/2 hip width (below the fly) | O24: =I24 -> 0.5 | P24: =$Q24-$Z24 -> -3 | Q24: =$F24 -> 0 | S24: =IF(ISBLANK($R24),"",($R24-$Q24)) | T24: =$Q24+$Z24 -> 3 | U24: =$T24+$Z24 -> 6 | W24: =IF(ISBLANK($V24),"",($V24-$U24)) | X24: =$U24+$Z24 -> 9 | Y24: =$X24+$Z24 -> 12 | Z24: 3 | AA24: 3
A25: ='Prise Mesures '!A9 -> C | B25: ='Prise Mesures '!B9 -> 1/2 tour de cuisse (sous la fourche) / 1/2 thigh width (below the crotch) | H25: =IF(ISBLANK(G25),"",G25-F25) | I25: ='Prise Mesures '!C9 -> 0.5 | J25: =+A25 -> C | K25: =B25 -> 1/2 tour de cuisse (sous la fourche) / 1/2 thigh width (below the crotch) | O25: =I25 -> 0.5 | P25: =$Q25-$Z25 -> -3 | Q25: =$F25 -> 0 | S25: =IF(ISBLANK($R25),"",($R25-$Q25)) | T25: =$Q25+$Z25 -> 3 | U25: =$T25+$Z25 -> 6 | W25: =IF(ISBLANK($V25),"",($V25-$U25)) | X25: =$U25+$Z25 -> 9 | Y25: =$X25+$Z25 -> 12 | Z25: 3 | AA25: 1.875
A26: ='Prise Mesures '!A10 -> D | B26: ='Prise Mesures '!B10 -> 1/2 tour genoux (35 cm de la fourche) / 1/2 knee width (35 cm from the crotch) | H26: =IF(ISBLANK(G26),"",G26-F26) | I26: ='Prise Mesures '!C10 -> 0.5 | J26: =+A26 -> D | K26: =B26 -> 1/2 tour genoux (35 cm de la fourche) / 1/2 knee width (35 cm from the crotch) | O26: =I26 -> 0.5 | P26: =$Q26-$Z26 -> -1.95 | Q26: =$F26 -> 0 | S26: =IF(ISBLANK($R26),"",($R26-$Q26)) | T26: =$Q26+$Z26 -> 1.95 | U26: =$T26+$Z26 -> 3.9 | W26: =IF(ISBLANK($V26),"",($V26-$U26)) | X26: =$U26+$Z26 -> 5.85 | Y26: =$X26+$Z26 -> 7.8 | Z26: 1.95 | AA26: 1.125
A27: ='Prise Mesures '!A11 -> E | B27: ='Prise Mesures '!B11 -> 1/2 largeur bas / 1/2 bottom width | H27: =IF(ISBLANK(G27),"",G27-F27) | I27: ='Prise Mesures '!C11 -> 0.5 | J27: =+A27 -> E | K27: =B27 -> 1/2 largeur bas / 1/2 bottom width | O27: =I27 -> 0.5 | P27: =$Q27-$Z27 -> -1.2 | Q27: =$F27 -> 0 | S27: =IF(ISBLANK($R27),"",($R27-$Q27)) | T27: =$Q27+$Z27 -> 1.2 | U27: =$T27+$Z27 -> 2.4 | W27: =IF(ISBLANK($V27),"",($V27-$U27)) | X27: =$U27+$Z27 -> 3.6 | Y27: =$X27+$Z27 -> 4.8 | Z27: 1.2 | AA27: 0.75
A28: ='Prise Mesures '!A12 -> F | B28: ='Prise Mesures '!B12 -> Longueur côté (avec ceinture) / Side length (with waistband) | H28: =IF(ISBLANK(G28),"",G28-F28) | I28: ='Prise Mesures '!C12 -> 1 | J28: =+A28 -> F | K28: =B28 -> Longueur côté (avec ceinture) / Side length (with waistband) | O28: =I28 -> 1 | P28: =$Q28-$Z28 -> -0.75 | Q28: =$F28 -> 0 | S28: =IF(ISBLANK($R28),"",($R28-$Q28)) | T28: =$Q28+$Z28 -> 0.75 | U28: =$T28+$Z28 -> 1.5 | W28: =IF(ISBLANK($V28),"",($V28-$U28)) | X28: =$U28+$Z28 -> 2.25 | Y28: =$X28+$Z28 -> 3 | Z28: 0.75 | AA28: 1.125
A29: ='Prise Mesures '!A13 -> G | B29: ='Prise Mesures '!B13 -> Longueur entrejambe / Inside leg length | H29: =IF(ISBLANK(G29),"",G29-F29) | I29: ='Prise Mesures '!C13 -> 1 | J29: =+A29 -> G | K29: =B29 -> Longueur entrejambe / Inside leg length | O29: =I29 -> 1 | P29: =$Q29-$Z29 -> 0 | Q29: =$F29 -> 0 | S29: =IF(ISBLANK($R29),"",($R29-$Q29)) | T29: =$Q29+$Z29 -> 0 | U29: =$T29+$Z29 -> 0 | W29: =IF(ISBLANK($V29),"",($V29-$U29)) | X29: =$U29+$Z29 -> 0 | Y29: =$X29+$Z29 -> 0 | Z29: 0 | AA29: 0
A30: ='Prise Mesures '!A14 -> H | B30: ='Prise Mesures '!B14 -> Longueur fourche devant / Front crotch length | H30: =IF(ISBLANK(G30),"",G30-F30) | I30: ='Prise Mesures '!C14 -> 0.5 | J30: =+A30 -> H | K30: =B30 -> Longueur fourche devant / Front crotch length | O30: =I30 -> 0.5 | P30: =$Q30-$Z30 -> -1.2 | Q30: =$F30 -> 0 | S30: =IF(ISBLANK($R30),"",($R30-$Q30)) | T30: =$Q30+$Z30 -> 1.2 | U30: =$T30+$Z30 -> 2.4 | W30: =IF(ISBLANK($V30),"",($V30-$U30)) | X30: =$U30+$Z30 -> 3.6 | Y30: =$X30+$Z30 -> 4.8 | Z30: 1.2 | AA30: 1.125
A31: ='Prise Mesures '!A15 -> I | B31: ='Prise Mesures '!B15 -> Longueur fourche dos / Back crotch length | H31: =IF(ISBLANK(G31),"",G31-F31) | I31: ='Prise Mesures '!C15 -> 0.5 | J31: =+A31 -> I | K31: =B31 -> Longueur fourche dos / Back crotch length | O31: =I31 -> 0.5 | P31: =$Q31-$Z31 -> 0 | Q31: =$F31 -> 0 | S31: =IF(ISBLANK($R31),"",($R31-$Q31)) | T31: =$Q31+$Z31 -> 0 | U31: =$T31+$Z31 -> 0 | W31: =IF(ISBLANK($V31),"",($V31-$U31)) | X31: =$U31+$Z31 -> 0 | Y31: =$X31+$Z31 -> 0 | Z31: 0 | AA31: 1.5
A32: ='Prise Mesures '!A16 -> J | B32: ='Prise Mesures '!B16 -> Largeur poche dos / Back pocket width | H32: =IF(ISBLANK(G32),"",G32-F32) | I32: ='Prise Mesures '!C16 -> 0 | J32: =+A32 -> J | K32: =B32 -> Largeur poche dos / Back pocket width | O32: =I32 -> 0 | P32: =$Q32-$Z32 -> 0 | Q32: =$F32 -> 0 | S32: =IF(ISBLANK($R32),"",($R32-$Q32)) | T32: =$Q32+$Z32 -> 0 | U32: =$T32+$Z32 -> 0 | W32: =IF(ISBLANK($V32),"",($V32-$U32)) | X32: =$U32+$Z32 -> 0 | Y32: =$X32+$Z32 -> 0 | Z32: 0 | AA32: 0
A33: ='Prise Mesures '!A17 -> K | B33: ='Prise Mesures '!B17 -> Longueur poche dos / Back pocket length | H33: =IF(ISBLANK(G33),"",G33-F33) | I33: ='Prise Mesures '!C17 -> 0 | J33: =+A33 -> K | K33: =B33 -> Longueur poche dos / Back pocket length | O33: =I33 -> 0 | P33: =$Q33-$Z33 -> -1.2 | Q33: =$F33 -> 0 | S33: =IF(ISBLANK($R33),"",($R33-$Q33)) | T33: =$Q33+$Z33 -> 1.2 | U33: =$T33+$Z33 -> 2.4 | W33: =IF(ISBLANK($V33),"",($V33-$U33)) | X33: =$U33+$Z33 -> 3.6 | Y33: =$X33+$Z33 -> 4.8 | Z33: 1.2 | AA33: 0
A34: ='Prise Mesures '!A18 -> L | B34: ='Prise Mesures '!B18 -> Hauteur ceinture / Waistband height | H34: =IF(ISBLANK(G34),"",G34-F34) | I34: ='Prise Mesures '!C18 -> 0 | J34: =+A34 -> L | K34: =B34 -> Hauteur ceinture / Waistband height | O34: =I34 -> 0 | P34: =$Q34-$Z34 -> -1.5 | Q34: =$F34 -> 0 | S34: =IF(ISBLANK($R34),"",($R34-$Q34)) | T34: =$Q34+$Z34 -> 1.5 | U34: =$T34+$Z34 -> 3 | W34: =IF(ISBLANK($V34),"",($V34-$U34)) | X34: =$U34+$Z34 -> 4.5 | Y34: =$X34+$Z34 -> 6 | Z34: 1.5 | AA34: 0
A35: ='Prise Mesures '!A19 -> M | B35: ='Prise Mesures '!B19 -> Longueur zip / Zip length | H35: =IF(ISBLANK(G35),"",G35-F35) | I35: ='Prise Mesures '!C19 -> 0 | J35: =+A35 -> M | K35: =B35 -> Longueur zip / Zip length | O35: =I35 -> 0 | P35: =$Q35-$Z35 -> -1.5 | Q35: =$F35 -> 0 | S35: =IF(ISBLANK($R35),"",($R35-$Q35)) | T35: =$Q35+$Z35 -> 1.5 | U35: =$T35+$Z35 -> 3 | W35: =IF(ISBLANK($V35),"",($V35-$U35)) | X35: =$U35+$Z35 -> 4.5 | Y35: =$X35+$Z35 -> 6 | Z35: 1.5 | AA35: 0
A36: Les mesures de ce tableau sont les mesures voulues du produit après montage. The measures of this chart are the measures of the product after assembly. | J36: Les mesures de ce tableau sont les mesures voulues du produit après montage. The measures of this chart are the measures of the product after assembly.

Sheet Prise Mesures 
A1: SOLUNE
A2: PRISE DE MESURES / MEASUREMENT CHART
A6: CODE | B6: MEASUREMENTS CHART / PRISE DE MESURES | C6: TOLERANCES
A7: A | B7: 1/2 tour de taille / 1/2 waist width | C7: 0.5
A8: B | B8: 1/2 tour de hanches (sous la braguette) / 1/2 hip width (below the fly) | C8: 0.5
A9: C | B9: 1/2 tour de cuisse (sous la fourche) / 1/2 thigh width (below the crotch) | C9: 0.5
A10: D | B10: 1/2 tour genoux (35 cm de la fourche) / 1/2 knee width (35 cm from the crotch) | C10: 0.5
A11: E | B11: 1/2 largeur bas / 1/2 bottom width | C11: 0.5
A12: F | B12: Longueur côté (avec ceinture) / Side length (with waistband) | C12: 1
A13: G | B13: Longueur entrejambe / Inside leg length | C13: 1
A14: H | B14: Longueur fourche devant / Front crotch length | C14: 0.5
A15: I | B15: Longueur fourche dos / Back crotch length | C15: 0.5
A16: J | B16: Largeur poche dos / Back pocket width | C16: 0
A17: K | B17: Longueur poche dos / Back pocket length | C17: 0
A18: L | B18: Hauteur ceinture / Waistband height | C18: 0
A19: M | B19: Longueur zip / Zip length | C19: 0

Sheet FCM
C1: FICHE COMPOSANTS / ARTICLE SHEET | L1: Updated :
A3: Thème : | C3: Modèle : | H3: Saison : | K3: Modéliste :
K4: Fabricant :
K7: Traitement :
K12: NORMAL THREAD
K15: CORDONNET THREAD
K18: FLAT+ HANGERS
K21: FOLDED
K24: SUSPENDED
A27: COMPONENT | D27: METRAGE COLL OU QUANTITE | F27: METRAGE PROD OU QUANTITE
B30: COLORWAY
A87: LABEL 7 | F87: 1
A88: Reference : VBR WL 0003
A95: LABEL 7 | F95: 1 | H95: ble/gold
A96: Reference : VBR SL 0001
A103: LABEL 7 | F103: 1
A104: Reference : VB22_PACK002

Sheet Labelling JEAN
A1: SOLUNE | F1: Fabricant: | I1: SOLUNE | N1: =F1 -> Fabricant:
A2: POSITION DE LA GRIFFE / BLABEL POSITION | I2: POSITION DE L'ETIQUETTE D'ENTRETIEN / CARE LABEL POSITION
A4: Thème: | C4: Modèle: | F4: Collection: VB | H4: Saison: | I4: =A4 -> Thème: | K4: =C4 -> Modèle: | N4: =F4 -> Collection: VB | P4: =H4 -> Saison:
